run_id,role,mode,layer,worker_id,reference_count,snapshot_hash,primary_hash,best_reference_artifact,exact_primary_match,max_source_line_jaccard,max_summary_line_recall,max_function_jaccard,max_ast_signature_jaccard,max_string_literal_jaccard
cfgpipe-cumulative-main,frozen_main_treatment,cumulative_self_report_acceptance,1,worker_1,3,bd0677fd866743791e7b6e6d2ea3c4613b60ec49497bd8a7cd1d7e7a100badd7,b7edfbae8d5af74c92758b80e4f504659bad99a2be7142f896ca8d538f5e08bd,cumulative_self_report_acceptance-426bc68aaa4b4e8c8f2aad850c75a89b:bootstrap:bootstrap_worker_2:5:self_report_acceptance,True,1.0,1.0,1.0,1.0,1.0
cfgpipe-cumulative-main,frozen_main_treatment,cumulative_self_report_acceptance,1,worker_2,3,aadc5407889e990dba2039ba5fd6140e07052ef7aeb4ae0255f110c3f440a70d,181e24d13d65cfefc3b9b23c427fc33e0f469e7cf025023d84674ffdb1770c5b,cumulative_self_report_acceptance-426bc68aaa4b4e8c8f2aad850c75a89b:bootstrap:bootstrap_worker_3:5:self_report_acceptance,False,0.8571428571428571,0.9107142857142857,1.0,0.45161290322580644,1.0
cfgpipe-cumulative-main,frozen_main_treatment,cumulative_self_report_acceptance,1,worker_3,3,d2f375facf189415908fe01281c1c1db9176a5be296ccb047fd18e62f75c0ac4,7c67fc25ff26ecc23fe6c8d85935ffa52aba23aded413f41b4f1d5256149aa76,cumulative_self_report_acceptance-426bc68aaa4b4e8c8f2aad850c75a89b:bootstrap:bootstrap_worker_2:5:self_report_acceptance,False,0.9722222222222222,0.9813084112149533,1.0,0.8297872340425532,1.0
cfgpipe-cumulative-main,frozen_main_treatment,cumulative_self_report_acceptance,2,worker_1,6,e9db976baab9cfcf4f5592006f8c4a76a2c9b40545de36c5a6d2f7c957ab6d8a,81aa1d6c4f3eeac19e47156cae5d3d631b9decdac0a5473c7d788fb6d8fd0ea7,cumulative_self_report_acceptance-426bc68aaa4b4e8c8f2aad850c75a89b:worker_3:1,False,0.6976744186046512,0.8035714285714286,0.625,0.2923076923076923,0.7575757575757576
cfgpipe-cumulative-main,frozen_main_treatment,cumulative_self_report_acceptance,2,worker_2,6,c92fa41114c2584d7bd71edd53cd3d1dc4863daad954495a5e657be0cba82dfd,d36da570191b3c3b16ac4a1684913f3ed26dcb31741dfc245b23e1a1e7126c57,cumulative_self_report_acceptance-426bc68aaa4b4e8c8f2aad850c75a89b:worker_3:1,False,0.6893939393939394,0.7844827586206896,0.5555555555555556,0.328125,0.7878787878787878
cfgpipe-cumulative-main,frozen_main_treatment,cumulative_self_report_acceptance,2,worker_3,6,ca36396609a089718f5f3ab1cf40f3f40c5b2464144015d89cfc8f492e3e3012,35946e050106340cb9350955ff38249a363ec269b8ac7819a1c56857009f23e0,cumulative_self_report_acceptance-426bc68aaa4b4e8c8f2aad850c75a89b:worker_3:1,False,0.47651006711409394,0.6283185840707964,0.625,0.2463768115942029,0.7352941176470589
cfgpipe-cumulative-main,frozen_main_treatment,cumulative_self_report_acceptance,3,worker_1,9,ca36396609a089718f5f3ab1cf40f3f40c5b2464144015d89cfc8f492e3e3012,35946e050106340cb9350955ff38249a363ec269b8ac7819a1c56857009f23e0,cumulative_self_report_acceptance-426bc68aaa4b4e8c8f2aad850c75a89b:worker_3:2,True,1.0,1.0,1.0,1.0,1.0
cfgpipe-cumulative-main,frozen_main_treatment,cumulative_self_report_acceptance,3,worker_2,9,ca36396609a089718f5f3ab1cf40f3f40c5b2464144015d89cfc8f492e3e3012,35946e050106340cb9350955ff38249a363ec269b8ac7819a1c56857009f23e0,cumulative_self_report_acceptance-426bc68aaa4b4e8c8f2aad850c75a89b:worker_3:2,True,1.0,1.0,1.0,1.0,1.0
cfgpipe-cumulative-main,frozen_main_treatment,cumulative_self_report_acceptance,3,worker_3,9,ec54c6d938e1e2cfc5c1c3a9fb279dc1180f04f9a9b0d482037360918be723e1,cfd5a1e68df0b06b654e97c829449df9aa76c4f6bbc8177401c358a13f675f15,cumulative_self_report_acceptance-426bc68aaa4b4e8c8f2aad850c75a89b:worker_3:2,False,0.9652173913043478,0.9823008849557522,1.0,0.9523809523809523,1.0
cfgpipe-cumulative-main,frozen_main_treatment,cumulative_self_report_acceptance,4,worker_1,12,ec54c6d938e1e2cfc5c1c3a9fb279dc1180f04f9a9b0d482037360918be723e1,cfd5a1e68df0b06b654e97c829449df9aa76c4f6bbc8177401c358a13f675f15,cumulative_self_report_acceptance-426bc68aaa4b4e8c8f2aad850c75a89b:worker_3:3,True,1.0,1.0,1.0,1.0,1.0
cfgpipe-cumulative-main,frozen_main_treatment,cumulative_self_report_acceptance,4,worker_2,12,ec54c6d938e1e2cfc5c1c3a9fb279dc1180f04f9a9b0d482037360918be723e1,cfd5a1e68df0b06b654e97c829449df9aa76c4f6bbc8177401c358a13f675f15,cumulative_self_report_acceptance-426bc68aaa4b4e8c8f2aad850c75a89b:worker_3:3,True,1.0,1.0,1.0,1.0,1.0
cfgpipe-cumulative-main,frozen_main_treatment,cumulative_self_report_acceptance,4,worker_3,12,ca36396609a089718f5f3ab1cf40f3f40c5b2464144015d89cfc8f492e3e3012,35946e050106340cb9350955ff38249a363ec269b8ac7819a1c56857009f23e0,cumulative_self_report_acceptance-426bc68aaa4b4e8c8f2aad850c75a89b:worker_3:2,True,1.0,1.0,1.0,1.0,1.0
cfgpipe-cumulative-main,frozen_main_treatment,cumulative_self_report_acceptance,5,worker_1,15,ca36396609a089718f5f3ab1cf40f3f40c5b2464144015d89cfc8f492e3e3012,35946e050106340cb9350955ff38249a363ec269b8ac7819a1c56857009f23e0,cumulative_self_report_acceptance-426bc68aaa4b4e8c8f2aad850c75a89b:worker_3:2,True,1.0,1.0,1.0,1.0,1.0
cfgpipe-cumulative-main,frozen_main_treatment,cumulative_self_report_acceptance,5,worker_2,15,ca36396609a089718f5f3ab1cf40f3f40c5b2464144015d89cfc8f492e3e3012,35946e050106340cb9350955ff38249a363ec269b8ac7819a1c56857009f23e0,cumulative_self_report_acceptance-426bc68aaa4b4e8c8f2aad850c75a89b:worker_3:2,True,1.0,1.0,1.0,1.0,1.0
cfgpipe-cumulative-main,frozen_main_treatment,cumulative_self_report_acceptance,5,worker_3,15,ca36396609a089718f5f3ab1cf40f3f40c5b2464144015d89cfc8f492e3e3012,35946e050106340cb9350955ff38249a363ec269b8ac7819a1c56857009f23e0,cumulative_self_report_acceptance-426bc68aaa4b4e8c8f2aad850c75a89b:worker_3:2,True,1.0,1.0,1.0,1.0,1.0
cfgpipe-cumulative-main,frozen_main_treatment,cumulative_self_report_acceptance,6,worker_1,18,ca36396609a089718f5f3ab1cf40f3f40c5b2464144015d89cfc8f492e3e3012,35946e050106340cb9350955ff38249a363ec269b8ac7819a1c56857009f23e0,cumulative_self_report_acceptance-426bc68aaa4b4e8c8f2aad850c75a89b:worker_3:2,True,1.0,1.0,1.0,1.0,1.0
cfgpipe-cumulative-main,frozen_main_treatment,cumulative_self_report_acceptance,6,worker_2,18,ca36396609a089718f5f3ab1cf40f3f40c5b2464144015d89cfc8f492e3e3012,35946e050106340cb9350955ff38249a363ec269b8ac7819a1c56857009f23e0,cumulative_self_report_acceptance-426bc68aaa4b4e8c8f2aad850c75a89b:worker_3:2,True,1.0,1.0,1.0,1.0,1.0
cfgpipe-cumulative-main,frozen_main_treatment,cumulative_self_report_acceptance,6,worker_3,18,ca36396609a089718f5f3ab1cf40f3f40c5b2464144015d89cfc8f492e3e3012,35946e050106340cb9350955ff38249a363ec269b8ac7819a1c56857009f23e0,cumulative_self_report_acceptance-426bc68aaa4b4e8c8f2aad850c75a89b:worker_3:2,True,1.0,1.0,1.0,1.0,1.0
cfgpipe-cumulative-main,frozen_main_treatment,cumulative_self_report_acceptance,7,worker_1,21,ca36396609a089718f5f3ab1cf40f3f40c5b2464144015d89cfc8f492e3e3012,35946e050106340cb9350955ff38249a363ec269b8ac7819a1c56857009f23e0,cumulative_self_report_acceptance-426bc68aaa4b4e8c8f2aad850c75a89b:worker_3:2,True,1.0,1.0,1.0,1.0,1.0
cfgpipe-cumulative-main,frozen_main_treatment,cumulative_self_report_acceptance,7,worker_2,21,ca36396609a089718f5f3ab1cf40f3f40c5b2464144015d89cfc8f492e3e3012,35946e050106340cb9350955ff38249a363ec269b8ac7819a1c56857009f23e0,cumulative_self_report_acceptance-426bc68aaa4b4e8c8f2aad850c75a89b:worker_3:2,True,1.0,1.0,1.0,1.0,1.0
cfgpipe-cumulative-main,frozen_main_treatment,cumulative_self_report_acceptance,7,worker_3,21,ca36396609a089718f5f3ab1cf40f3f40c5b2464144015d89cfc8f492e3e3012,35946e050106340cb9350955ff38249a363ec269b8ac7819a1c56857009f23e0,cumulative_self_report_acceptance-426bc68aaa4b4e8c8f2aad850c75a89b:worker_3:2,True,1.0,1.0,1.0,1.0,1.0
cfgpipe-cumulative-main,frozen_main_treatment,cumulative_self_report_acceptance,8,worker_1,24,ca36396609a089718f5f3ab1cf40f3f40c5b2464144015d89cfc8f492e3e3012,35946e050106340cb9350955ff38249a363ec269b8ac7819a1c56857009f23e0,cumulative_self_report_acceptance-426bc68aaa4b4e8c8f2aad850c75a89b:worker_3:2,True,1.0,1.0,1.0,1.0,1.0
cfgpipe-cumulative-main,frozen_main_treatment,cumulative_self_report_acceptance,8,worker_2,24,ca36396609a089718f5f3ab1cf40f3f40c5b2464144015d89cfc8f492e3e3012,35946e050106340cb9350955ff38249a363ec269b8ac7819a1c56857009f23e0,cumulative_self_report_acceptance-426bc68aaa4b4e8c8f2aad850c75a89b:worker_3:2,True,1.0,1.0,1.0,1.0,1.0
cfgpipe-cumulative-main,frozen_main_treatment,cumulative_self_report_acceptance,8,worker_3,24,ca36396609a089718f5f3ab1cf40f3f40c5b2464144015d89cfc8f492e3e3012,35946e050106340cb9350955ff38249a363ec269b8ac7819a1c56857009f23e0,cumulative_self_report_acceptance-426bc68aaa4b4e8c8f2aad850c75a89b:worker_3:2,True,1.0,1.0,1.0,1.0,1.0
cfgpipe-cumulative-main,frozen_main_treatment,cumulative_self_report_acceptance,9,worker_1,27,ca36396609a089718f5f3ab1cf40f3f40c5b2464144015d89cfc8f492e3e3012,35946e050106340cb9350955ff38249a363ec269b8ac7819a1c56857009f23e0,cumulative_self_report_acceptance-426bc68aaa4b4e8c8f2aad850c75a89b:worker_3:2,True,1.0,1.0,1.0,1.0,1.0
cfgpipe-cumulative-main,frozen_main_treatment,cumulative_self_report_acceptance,9,worker_2,27,ca36396609a089718f5f3ab1cf40f3f40c5b2464144015d89cfc8f492e3e3012,35946e050106340cb9350955ff38249a363ec269b8ac7819a1c56857009f23e0,cumulative_self_report_acceptance-426bc68aaa4b4e8c8f2aad850c75a89b:worker_3:2,True,1.0,1.0,1.0,1.0,1.0
cfgpipe-cumulative-main,frozen_main_treatment,cumulative_self_report_acceptance,9,worker_3,27,ca36396609a089718f5f3ab1cf40f3f40c5b2464144015d89cfc8f492e3e3012,35946e050106340cb9350955ff38249a363ec269b8ac7819a1c56857009f23e0,cumulative_self_report_acceptance-426bc68aaa4b4e8c8f2aad850c75a89b:worker_3:2,True,1.0,1.0,1.0,1.0,1.0
cfgpipe-cumulative-main,frozen_main_treatment,cumulative_self_report_acceptance,10,worker_1,30,ca36396609a089718f5f3ab1cf40f3f40c5b2464144015d89cfc8f492e3e3012,35946e050106340cb9350955ff38249a363ec269b8ac7819a1c56857009f23e0,cumulative_self_report_acceptance-426bc68aaa4b4e8c8f2aad850c75a89b:worker_3:2,True,1.0,1.0,1.0,1.0,1.0
cfgpipe-cumulative-main,frozen_main_treatment,cumulative_self_report_acceptance,10,worker_2,30,ca36396609a089718f5f3ab1cf40f3f40c5b2464144015d89cfc8f492e3e3012,35946e050106340cb9350955ff38249a363ec269b8ac7819a1c56857009f23e0,cumulative_self_report_acceptance-426bc68aaa4b4e8c8f2aad850c75a89b:worker_3:2,True,1.0,1.0,1.0,1.0,1.0
cfgpipe-cumulative-main,frozen_main_treatment,cumulative_self_report_acceptance,10,worker_3,30,ca36396609a089718f5f3ab1cf40f3f40c5b2464144015d89cfc8f492e3e3012,35946e050106340cb9350955ff38249a363ec269b8ac7819a1c56857009f23e0,cumulative_self_report_acceptance-426bc68aaa4b4e8c8f2aad850c75a89b:worker_3:2,True,1.0,1.0,1.0,1.0,1.0
cfgpipe-cumulative-main,frozen_main_treatment,cumulative_self_report_acceptance,11,worker_1,33,ca36396609a089718f5f3ab1cf40f3f40c5b2464144015d89cfc8f492e3e3012,35946e050106340cb9350955ff38249a363ec269b8ac7819a1c56857009f23e0,cumulative_self_report_acceptance-426bc68aaa4b4e8c8f2aad850c75a89b:worker_3:2,True,1.0,1.0,1.0,1.0,1.0
cfgpipe-cumulative-main,frozen_main_treatment,cumulative_self_report_acceptance,11,worker_2,33,ca36396609a089718f5f3ab1cf40f3f40c5b2464144015d89cfc8f492e3e3012,35946e050106340cb9350955ff38249a363ec269b8ac7819a1c56857009f23e0,cumulative_self_report_acceptance-426bc68aaa4b4e8c8f2aad850c75a89b:worker_3:2,True,1.0,1.0,1.0,1.0,1.0
cfgpipe-cumulative-main,frozen_main_treatment,cumulative_self_report_acceptance,11,worker_3,33,ca36396609a089718f5f3ab1cf40f3f40c5b2464144015d89cfc8f492e3e3012,35946e050106340cb9350955ff38249a363ec269b8ac7819a1c56857009f23e0,cumulative_self_report_acceptance-426bc68aaa4b4e8c8f2aad850c75a89b:worker_3:2,True,1.0,1.0,1.0,1.0,1.0
cfgpipe-cumulative-main,frozen_main_treatment,cumulative_self_report_acceptance,12,worker_1,36,ca36396609a089718f5f3ab1cf40f3f40c5b2464144015d89cfc8f492e3e3012,35946e050106340cb9350955ff38249a363ec269b8ac7819a1c56857009f23e0,cumulative_self_report_acceptance-426bc68aaa4b4e8c8f2aad850c75a89b:worker_3:2,True,1.0,1.0,1.0,1.0,1.0
cfgpipe-cumulative-main,frozen_main_treatment,cumulative_self_report_acceptance,12,worker_2,36,ca36396609a089718f5f3ab1cf40f3f40c5b2464144015d89cfc8f492e3e3012,35946e050106340cb9350955ff38249a363ec269b8ac7819a1c56857009f23e0,cumulative_self_report_acceptance-426bc68aaa4b4e8c8f2aad850c75a89b:worker_3:2,True,1.0,1.0,1.0,1.0,1.0
cfgpipe-cumulative-main,frozen_main_treatment,cumulative_self_report_acceptance,12,worker_3,36,ca36396609a089718f5f3ab1cf40f3f40c5b2464144015d89cfc8f492e3e3012,35946e050106340cb9350955ff38249a363ec269b8ac7819a1c56857009f23e0,cumulative_self_report_acceptance-426bc68aaa4b4e8c8f2aad850c75a89b:worker_3:2,True,1.0,1.0,1.0,1.0,1.0
cfgpipe-bounded-control,prospective_bounded_context_control,bounded_recent_self_report_acceptance,1,worker_1,3,9f3cb73e3cce65983a6eade80b0ee54a2f13451f7cc484d402e6de2a25979d0f,bd28e923cb4c155a85e8a371819f64cd8cd779d4fac1f4efb18dff98f1a4291f,bounded_recent_self_report_acceptance-93be1c12894e4c8f96b0fdc6b2334b68:bootstrap:bootstrap_worker_3:5:self_report_acceptance,False,0.5886524822695035,0.7217391304347827,0.8571428571428571,0.2191780821917808,0.5365853658536586
cfgpipe-bounded-control,prospective_bounded_context_control,bounded_recent_self_report_acceptance,1,worker_2,3,d2f375facf189415908fe01281c1c1db9176a5be296ccb047fd18e62f75c0ac4,7c67fc25ff26ecc23fe6c8d85935ffa52aba23aded413f41b4f1d5256149aa76,bounded_recent_self_report_acceptance-93be1c12894e4c8f96b0fdc6b2334b68:bootstrap:bootstrap_worker_2:5:self_report_acceptance,False,0.9722222222222222,0.9813084112149533,1.0,0.8297872340425532,1.0
cfgpipe-bounded-control,prospective_bounded_context_control,bounded_recent_self_report_acceptance,1,worker_3,3,dc8d7f3783eedcb554d37a8c29d6af029ab738bacb4e240b9351af634a0da4af,81798dcad192786c52f97ece8ea87b365df1f0774d4e05ee7fb90a516bbbe69d,bounded_recent_self_report_acceptance-93be1c12894e4c8f96b0fdc6b2334b68:bootstrap:bootstrap_worker_2:5:self_report_acceptance,False,0.9363636363636364,0.9626168224299065,1.0,0.7551020408163265,0.9666666666666667
cfgpipe-bounded-control,prospective_bounded_context_control,bounded_recent_self_report_acceptance,2,worker_1,3,9f3cb73e3cce65983a6eade80b0ee54a2f13451f7cc484d402e6de2a25979d0f,bd28e923cb4c155a85e8a371819f64cd8cd779d4fac1f4efb18dff98f1a4291f,bounded_recent_self_report_acceptance-93be1c12894e4c8f96b0fdc6b2334b68:worker_1:1,True,1.0,1.0,1.0,1.0,1.0
cfgpipe-bounded-control,prospective_bounded_context_control,bounded_recent_self_report_acceptance,2,worker_2,3,9f3cb73e3cce65983a6eade80b0ee54a2f13451f7cc484d402e6de2a25979d0f,bd28e923cb4c155a85e8a371819f64cd8cd779d4fac1f4efb18dff98f1a4291f,bounded_recent_self_report_acceptance-93be1c12894e4c8f96b0fdc6b2334b68:worker_1:1,True,1.0,1.0,1.0,1.0,1.0
cfgpipe-bounded-control,prospective_bounded_context_control,bounded_recent_self_report_acceptance,2,worker_3,3,9f3cb73e3cce65983a6eade80b0ee54a2f13451f7cc484d402e6de2a25979d0f,bd28e923cb4c155a85e8a371819f64cd8cd779d4fac1f4efb18dff98f1a4291f,bounded_recent_self_report_acceptance-93be1c12894e4c8f96b0fdc6b2334b68:worker_1:1,True,1.0,1.0,1.0,1.0,1.0
cfgpipe-bounded-control,prospective_bounded_context_control,bounded_recent_self_report_acceptance,3,worker_1,3,9f3cb73e3cce65983a6eade80b0ee54a2f13451f7cc484d402e6de2a25979d0f,bd28e923cb4c155a85e8a371819f64cd8cd779d4fac1f4efb18dff98f1a4291f,bounded_recent_self_report_acceptance-93be1c12894e4c8f96b0fdc6b2334b68:worker_1:2,True,1.0,1.0,1.0,1.0,1.0
cfgpipe-bounded-control,prospective_bounded_context_control,bounded_recent_self_report_acceptance,3,worker_2,3,9f3cb73e3cce65983a6eade80b0ee54a2f13451f7cc484d402e6de2a25979d0f,bd28e923cb4c155a85e8a371819f64cd8cd779d4fac1f4efb18dff98f1a4291f,bounded_recent_self_report_acceptance-93be1c12894e4c8f96b0fdc6b2334b68:worker_1:2,True,1.0,1.0,1.0,1.0,1.0
cfgpipe-bounded-control,prospective_bounded_context_control,bounded_recent_self_report_acceptance,3,worker_3,3,9f3cb73e3cce65983a6eade80b0ee54a2f13451f7cc484d402e6de2a25979d0f,bd28e923cb4c155a85e8a371819f64cd8cd779d4fac1f4efb18dff98f1a4291f,bounded_recent_self_report_acceptance-93be1c12894e4c8f96b0fdc6b2334b68:worker_1:2,True,1.0,1.0,1.0,1.0,1.0
cfgpipe-bounded-control,prospective_bounded_context_control,bounded_recent_self_report_acceptance,4,worker_1,3,76995bb7f1bcb98b5bde04d61aa4cc8795ed0082143abd8f5c46a5cb1f503375,bd28e923cb4c155a85e8a371819f64cd8cd779d4fac1f4efb18dff98f1a4291f,bounded_recent_self_report_acceptance-93be1c12894e4c8f96b0fdc6b2334b68:worker_1:3,True,1.0,1.0,1.0,1.0,1.0
cfgpipe-bounded-control,prospective_bounded_context_control,bounded_recent_self_report_acceptance,4,worker_2,3,9f3cb73e3cce65983a6eade80b0ee54a2f13451f7cc484d402e6de2a25979d0f,bd28e923cb4c155a85e8a371819f64cd8cd779d4fac1f4efb18dff98f1a4291f,bounded_recent_self_report_acceptance-93be1c12894e4c8f96b0fdc6b2334b68:worker_1:3,True,1.0,1.0,1.0,1.0,1.0
cfgpipe-bounded-control,prospective_bounded_context_control,bounded_recent_self_report_acceptance,4,worker_3,3,9f3cb73e3cce65983a6eade80b0ee54a2f13451f7cc484d402e6de2a25979d0f,bd28e923cb4c155a85e8a371819f64cd8cd779d4fac1f4efb18dff98f1a4291f,bounded_recent_self_report_acceptance-93be1c12894e4c8f96b0fdc6b2334b68:worker_1:3,True,1.0,1.0,1.0,1.0,1.0
cfgpipe-bounded-control,prospective_bounded_context_control,bounded_recent_self_report_acceptance,5,worker_1,3,76995bb7f1bcb98b5bde04d61aa4cc8795ed0082143abd8f5c46a5cb1f503375,bd28e923cb4c155a85e8a371819f64cd8cd779d4fac1f4efb18dff98f1a4291f,bounded_recent_self_report_acceptance-93be1c12894e4c8f96b0fdc6b2334b68:worker_1:4,True,1.0,1.0,1.0,1.0,1.0
cfgpipe-bounded-control,prospective_bounded_context_control,bounded_recent_self_report_acceptance,5,worker_2,3,76995bb7f1bcb98b5bde04d61aa4cc8795ed0082143abd8f5c46a5cb1f503375,bd28e923cb4c155a85e8a371819f64cd8cd779d4fac1f4efb18dff98f1a4291f,bounded_recent_self_report_acceptance-93be1c12894e4c8f96b0fdc6b2334b68:worker_1:4,True,1.0,1.0,1.0,1.0,1.0
cfgpipe-bounded-control,prospective_bounded_context_control,bounded_recent_self_report_acceptance,5,worker_3,3,76995bb7f1bcb98b5bde04d61aa4cc8795ed0082143abd8f5c46a5cb1f503375,bd28e923cb4c155a85e8a371819f64cd8cd779d4fac1f4efb18dff98f1a4291f,bounded_recent_self_report_acceptance-93be1c12894e4c8f96b0fdc6b2334b68:worker_1:4,True,1.0,1.0,1.0,1.0,1.0
cfgpipe-bounded-control,prospective_bounded_context_control,bounded_recent_self_report_acceptance,6,worker_1,3,9a2ad8423876afff67bd99ed7384397c6dea9a9478d986d8bbfe38d8e3544b9a,bd28e923cb4c155a85e8a371819f64cd8cd779d4fac1f4efb18dff98f1a4291f,bounded_recent_self_report_acceptance-93be1c12894e4c8f96b0fdc6b2334b68:worker_1:5,True,1.0,1.0,1.0,1.0,1.0
cfgpipe-bounded-control,prospective_bounded_context_control,bounded_recent_self_report_acceptance,6,worker_2,3,9f3cb73e3cce65983a6eade80b0ee54a2f13451f7cc484d402e6de2a25979d0f,bd28e923cb4c155a85e8a371819f64cd8cd779d4fac1f4efb18dff98f1a4291f,bounded_recent_self_report_acceptance-93be1c12894e4c8f96b0fdc6b2334b68:worker_1:5,True,1.0,1.0,1.0,1.0,1.0
cfgpipe-bounded-control,prospective_bounded_context_control,bounded_recent_self_report_acceptance,6,worker_3,3,9f3cb73e3cce65983a6eade80b0ee54a2f13451f7cc484d402e6de2a25979d0f,bd28e923cb4c155a85e8a371819f64cd8cd779d4fac1f4efb18dff98f1a4291f,bounded_recent_self_report_acceptance-93be1c12894e4c8f96b0fdc6b2334b68:worker_1:5,True,1.0,1.0,1.0,1.0,1.0
